player_id,g,ab,r,h,x2b,x3b,hr,rbi,sb,cs,bb,so,last_year
aardsda01,331,4,0,0,0,0,0,0,0,0,0,2,2015
abbotpa01,162,20,2,5,1,0,0,2,0,0,0,6,2004
abreubo01,2425,8480,1453,2470,574,59,288,1363,400,128,1476,1840,2014
adamsmi03,410,2,0,0,0,0,0,0,0,0,0,0,2014
adamste01,574,78,2,4,1,0,0,2,0,0,7,41,2005
affelje01,774,17,0,3,0,0,0,2,0,0,2,6,2015
alberma01,452,35,1,3,1,0,0,0,0,0,0,21,2016
aldrico01,13,18,1,1,0,1,0,1,0,0,0,9,2010
alexama02,594,1271,166,293,50,12,15,115,37,10,86,276,2006
alfonan01,592,14,0,2,0,0,0,2,0,0,0,8,2007
alfoned01,1506,5385,777,1532,282,18,146,744,53,17,596,617,2006
almoner01,55,133,18,31,7,0,2,14,3,0,8,29,2011
alomasa02,1377,4530,520,1236,249,10,112,588,25,24,212,499,2007
aloumo01,1942,7037,1109,2134,421,39,332,1287,106,37,737,894,2008
alvarwi01,355,95,6,13,0,0,0,1,0,0,4,33,2005
amezaal01,584,1408,173,348,47,19,12,110,49,26,112,223,2011
anderbr02,308,255,15,35,5,3,1,10,2,0,7,57,2005
anderga01,2228,8640,1084,2529,522,36,287,1365,80,47,429,1224,2010
anderma02,1151,3204,392,849,174,20,63,371,71,24,227,471,2009
andinro01,481,1344,159,313,58,1,18,97,24,12,113,313,2016
ankieri01,653,1921,260,462,101,10,76,251,21,12,162,555,2013
appieke01,414,83,4,8,0,0,0,4,0,0,1,39,2004
ariasjo01,474,1052,112,279,46,11,7,95,13,3,37,150,2015
armasto02,186,268,6,26,2,1,0,10,0,0,4,99,2008
arroybr01,421,603,35,77,16,0,6,29,1,0,14,266,2014
ashbyan01,313,521,26,70,13,0,1,26,1,0,16,218,2004
astacpe01,395,676,31,90,7,1,0,28,0,1,5,256,2006
atchisc01,300,2,0,0,0,0,0,0,0,0,0,1,2015
aurilri01,1652,5721,745,1576,301,22,186,756,23,18,450,861,2009
ausmubr01,1971,6279,718,1579,270,34,80,607,102,53,634,1034,2010
averyst01,306,437,35,76,14,4,4,32,1,1,12,135,2003
ayalalu01,534,14,0,4,1,0,0,0,0,0,0,3,2013
aybarer01,1346,4842,606,1324,241,45,51,451,144,58,257,613,2016
baergca01,1630,5439,731,1583,279,17,134,774,59,24,291,580,2005
baezda01,533,6,1,1,0,0,0,0,0,0,0,1,2011
baileho02,178,314,18,49,6,0,0,17,0,0,10,120,2016
bakerje03,748,1793,244,474,108,15,54,235,14,1,139,472,2015
bakersc02,193,32,1,3,1,0,0,0,0,0,0,13,2015
bakopa01,789,2202,195,508,98,11,24,195,4,9,233,589,2009
baldwja01,266,44,1,4,1,1,0,2,0,0,0,20,2005
balejo01,109,17,0,2,0,0,0,0,0,0,0,8,2009
balfogr01,534,2,0,0,0,0,0,0,0,0,0,2,2015
barajro01,1114,3460,396,812,187,1,136,480,2,2,207,638,2012
bardjo01,586,1778,162,452,109,3,39,220,1,4,175,299,2011
barkeke01,126,285,32,71,12,0,6,36,3,0,34,65,2009
barmecl01,1186,3805,434,932,208,17,89,415,43,30,216,734,2015
barremi01,1054,3512,398,925,220,21,98,424,11,17,279,480,2009
bartlja01,892,3141,435,849,156,26,31,286,123,37,275,526,2014
batismi01,658,311,20,28,5,0,2,9,0,0,11,173,2012
batisto01,1309,4568,625,1146,226,17,221,718,47,26,287,790,2007
bautida01,895,2517,317,685,121,19,62,319,37,16,149,409,2004
bautijo02,1519,5139,878,1311,267,17,308,862,60,26,881,1113,2016
bayja01,1278,4505,737,1200,240,30,222,754,95,17,636,1216,2013
beckejo02,335,289,19,41,12,0,3,18,0,0,12,110,2014
beckro01,704,19,0,4,0,0,0,1,0,0,0,10,2004
bedarer01,241,60,2,9,1,0,0,1,0,0,2,22,2014
beimejo01,677,45,3,10,1,0,0,1,0,0,2,19,2015
belisma01,599,89,2,7,3,0,0,3,1,0,3,49,2016
bellda01,1403,4826,587,1239,267,18,123,589,19,20,428,687,2006
bellhe01,590,6,0,0,0,0,0,0,0,0,0,2,2014
bellhma01,731,2107,324,484,113,13,69,246,30,13,346,723,2007
belliro01,1484,5045,685,1377,328,24,114,601,43,28,488,797,2010
bellja01,2063,7398,1123,1963,394,67,195,860,91,60,853,1443,2003
beltrad01,2720,10295,1428,2942,591,36,445,1571,119,42,775,1584,2016
beltrca01,2457,9301,1522,2617,536,78,421,1536,312,49,1051,1693,2016
benitar01,762,8,0,0,0,0,0,2,0,0,0,4,2008
bennega01,587,1690,141,408,74,3,22,192,6,5,139,270,2008
benoijo01,713,9,1,0,0,0,0,0,0,0,0,4,2016
bensokr01,208,321,23,42,7,0,1,22,0,0,15,127,2010
bereja01,211,161,9,30,6,1,0,5,0,0,3,60,2003
berkmla01,1879,6491,1146,1905,422,30,366,1234,86,48,1201,1300,2013
betanra01,680,1,0,0,0,0,0,0,0,0,0,1,2015
betemwi01,805,2093,264,558,126,8,75,283,9,8,211,612,2013
billich01,226,355,14,49,8,0,3,21,0,0,19,170,2015
blacktr01,82,5,0,1,0,0,0,0,0,0,0,3,2013
blakeca01,1265,4500,644,1186,264,18,167,616,36,37,445,1037,2011
blancan01,456,1061,127,280,69,9,15,96,4,13,67,168,2016
blanche01,971,2761,274,615,145,11,72,298,6,11,254,546,2013
blantjo01,376,216,13,23,0,0,0,6,0,0,8,92,2016
blevije01,425,2,0,0,0,0,0,0,0,0,0,1,2016
bloomwi01,1055,2891,398,778,110,23,18,225,133,51,189,494,2015
blumge01,1389,3966,446,990,206,15,99,479,19,19,332,667,2012
boehrbr01,356,31,0,2,1,0,0,2,0,0,3,16,2004
bondeje01,225,30,1,1,0,0,0,0,0,0,0,18,2013
bondsba01,2986,9847,2227,2935,601,77,762,1996,514,141,2558,1539,2007
bonifem01,793,2572,353,664,94,32,13,162,166,48,214,594,2016
booneaa01,1152,3871,519,1017,216,17,126,555,107,30,303,707,2009
boonebr01,1780,6683,927,1775,366,28,252,1021,94,53,552,1295,2005
bootcch01,91,2,0,0,0,0,0,0,0,0,0,2,2013
borbope02,368,7,0,1,0,0,0,0,0,0,0,4,2003
bordepa01,1099,3282,289,831,168,12,69,346,9,14,155,557,2005
bordimi01,1720,5770,676,1500,257,30,91,626,96,58,500,800,2003
borkoda01,181,10,0,0,0,0,0,1,0,0,0,4,2008
borlato02,207,12,1,1,0,0,0,2,0,0,0,3,2004
borowjo01,423,9,1,2,0,0,0,0,0,0,0,7,2008
bottari01,562,17,1,2,2,0,0,1,0,0,0,8,2005
bournmi01,1361,4784,678,1272,191,69,36,361,341,94,445,1124,2016
bowiemi01,88,26,0,4,0,0,0,4,0,0,1,7,2008
boyerbl01,394,9,0,0,0,0,0,0,0,0,0,6,2016
bradfch01,562,0,0,0,0,0,0,0,0,0,0,0,2009
bradlmi01,1042,3605,541,976,202,17,125,481,88,40,496,817,2011
braggda01,916,2461,341,627,145,14,46,260,56,24,304,570,2004
branyru01,1059,2934,405,682,143,8,194,467,16,4,403,1118,2011
braunry02,1354,5249,879,1597,317,43,285,937,181,50,473,1070,2016
breslcr01,539,4,0,0,0,0,0,0,0,0,0,2,2016
brocado01,637,69,9,12,0,1,0,1,2,0,0,19,2009
brownad01,447,1134,166,293,44,8,11,86,45,15,109,161,2006
brownde02,271,814,86,190,37,1,14,89,8,6,50,207,2007
brownem01,739,2249,296,581,112,12,59,326,52,14,197,468,2009
brownke01,490,495,20,64,10,0,2,29,0,0,19,187,2005
broxtjo01,674,5,0,0,0,0,0,0,0,0,2,2,2016
buchhcl01,207,13,0,2,0,0,0,0,0,0,1,5,2016
buckjo01,1090,3612,389,844,172,9,134,491,6,12,307,959,2014
buehrma01,518,125,4,9,2,0,1,3,0,0,2,58,2015
burbada01,511,194,10,26,1,0,3,12,0,0,10,84,2004
burkeja02,191,390,53,108,20,0,3,39,0,2,25,57,2010
burkejo03,446,540,22,50,6,0,0,18,0,0,26,226,2003
burksel01,2000,7232,1253,2107,402,63,352,1206,181,84,793,1340,2004
burneaj01,436,493,20,56,8,3,4,19,0,0,20,241,2015
burnese01,380,29,2,2,1,0,0,0,0,0,4,9,2016
burnije01,1694,5710,917,1447,298,29,315,981,74,58,739,1376,2006
burrepa01,1640,5503,767,1393,299,16,292,976,7,3,932,1564,2011
burrose01,528,1664,187,463,68,12,12,143,20,6,119,223,2012
bushda01,221,263,18,34,7,0,0,13,0,0,9,96,2013
butlebi03,1414,5105,592,1479,322,5,147,728,5,3,500,840,2016
byrdati01,479,13,1,2,1,0,0,0,0,0,0,4,2013
byrdma01,1573,5579,740,1534,311,39,159,710,56,31,382,1234,2016
byrdpa01,346,156,11,24,0,0,0,10,0,0,12,39,2009
byrneer01,963,3202,482,827,191,30,109,396,129,23,253,538,2010
cabreas01,1247,4661,626,1253,278,23,125,571,83,30,386,905,2016
cabrejo02,609,1406,189,362,79,9,18,157,38,16,73,241,2008
cabreme01,1520,5630,746,1609,314,42,114,683,97,34,437,738,2016
cabremi01,2096,7853,1321,2519,523,17,446,1553,38,20,1011,1516,2016
cabreor01,1985,7562,985,2055,459,32,123,854,216,57,514,745,2011
cainma01,322,579,26,69,11,1,7,32,0,0,21,288,2016
cairomi01,1490,3956,504,1044,193,34,41,394,139,40,243,482,2012
callaal01,1093,3556,391,941,170,14,52,369,22,14,350,365,2015
camermi01,1955,6839,1064,1700,383,59,278,968,297,83,867,1901,2011
campsh01,541,1,0,1,0,0,0,0,0,0,0,0,2014
cancero01,45,100,10,20,4,0,1,10,1,2,6,22,2011
canoro01,1848,7210,1065,2210,479,33,278,1086,50,38,501,964,2016
capuach01,321,371,16,46,10,0,1,20,0,0,10,176,2016
carlybu01,151,57,6,10,0,0,0,4,0,0,3,17,2015
carmofa01,270,73,2,4,0,0,0,2,0,0,1,40,2016
carpech01,350,439,18,52,8,0,2,21,0,1,12,144,2012
carradj01,290,15,0,0,0,0,0,0,0,0,0,5,2012
carragi01,313,31,2,3,0,0,0,0,0,0,1,11,2006
carrahe01,647,26,1,1,0,0,0,0,0,0,0,19,2007
carroja01,1276,3671,560,1000,148,27,13,265,74,36,410,581,2013
casanra01,387,1081,98,255,40,5,35,130,2,3,98,200,2008
caseyse01,1405,5066,690,1531,322,12,130,735,18,8,477,577,2008
castial01,418,1026,98,226,39,2,12,101,3,6,103,219,2007
castifr01,297,338,7,37,0,0,0,13,0,1,13,111,2005
castilu01,1720,6510,1001,1889,194,59,28,443,370,142,800,850,2010
castivi02,1854,6822,902,1884,349,28,320,1105,33,43,423,1069,2006
castrju01,1103,2627,253,601,123,13,36,234,5,9,149,472,2011
castrra01,567,1426,155,338,66,0,67,217,2,0,151,375,2011
catalfr01,1265,3824,562,1113,262,37,84,457,45,27,331,492,2010
cedenro01,1100,3174,478,865,127,32,40,274,213,63,319,613,2005
cedenro02,875,2565,265,629,116,20,40,239,39,25,146,567,2014
chambjo03,385,6,0,0,0,0,0,0,0,0,1,2,2016
chaveen01,1151,3149,385,849,140,34,30,266,106,42,180,356,2014
chaveer01,1615,5518,816,1477,318,24,260,902,50,17,639,1079,2014
chavera01,263,680,48,157,27,1,7,65,4,2,31,115,2009
chenbr01,401,125,5,19,1,0,0,3,0,0,3,58,2015
choatra01,672,5,0,0,0,0,0,0,0,0,1,3,2015
choosh01,1173,4310,676,1206,255,25,146,566,118,48,608,1091,2016
chrisja01,529,10,0,1,0,0,0,1,0,0,0,7,2005
chulkvi01,259,4,0,1,0,0,0,0,0,0,0,0,2012
cirilje01,1617,5396,800,1598,343,21,112,727,63,37,563,694,2007
clarkto02,1559,4532,629,1188,233,11,251,824,6,9,527,1209,2009
claytro01,2108,7379,935,1904,363,55,110,723,231,100,565,1415,2007
clemero02,709,179,5,31,6,0,0,12,0,0,13,61,2007
clippty01,558,15,0,3,1,0,0,0,0,0,0,6,2016
colbrgr01,992,2769,337,801,155,12,98,422,29,21,170,444,2004
colomje01,341,2,0,0,0,0,0,0,0,0,0,2,2010
colonba01,509,276,10,25,4,0,1,11,0,0,1,153,2016
coneda01,451,412,28,64,9,0,0,22,0,1,16,91,2003
coninje01,2024,6957,870,1982,385,36,214,1071,54,29,671,1168,2007
contrjo01,299,29,1,0,0,0,0,0,0,0,3,18,2013
cookaa01,272,382,26,58,7,1,0,19,0,0,21,130,2012
coraal01,1273,3408,360,828,140,39,35,286,47,21,248,423,2011
cordefr01,800,3,0,0,0,0,0,0,0,0,0,1,2012
cordewi01,1247,4311,587,1178,261,19,122,566,49,19,325,775,2005
coreybr01,91,0,0,0,0,0,0,0,0,0,0,0,2008
cormirh01,683,192,15,36,4,1,0,12,0,0,5,45,2007
correke01,363,300,12,36,6,0,0,13,0,2,11,125,2015
cottsne01,483,2,0,1,1,0,0,0,0,0,0,1,2015
counscr01,1624,4741,647,1208,218,40,42,390,103,49,589,663,2011
crainje01,532,1,0,0,0,0,0,0,0,0,0,1,2013
crawfca02,1716,6655,998,1931,309,123,136,766,480,109,377,1067,2016
credejo01,888,3101,392,787,159,5,140,470,4,12,199,459,2009
creekdo01,279,5,1,1,0,0,0,0,0,0,0,3,2005
crispco01,1586,5930,877,1572,308,57,130,639,309,79,561,865,2016
crometr01,196,524,54,118,22,1,12,48,0,1,27,101,2003
cruzja01,409,729,95,176,38,2,19,105,4,8,85,207,2005
cruzjo02,1388,4724,713,1167,252,36,204,624,113,39,658,1147,2008
cruzju02,450,70,2,8,1,1,0,2,0,0,4,28,2012
cruzne02,1270,4683,677,1287,252,12,284,795,74,30,426,1174,2016
cuddymi01,1536,5488,809,1522,333,42,197,794,75,22,527,1101,2015
cummimi01,460,1113,136,286,60,8,22,124,9,6,94,200,2005
custja01,670,2107,311,510,96,2,105,323,6,6,444,819,2011
daalom01,392,270,23,53,8,0,2,21,0,0,14,61,2003
damonjo01,2490,9736,1668,2769,522,109,235,1139,408,103,1003,1257,2012
danksjo01,247,24,0,2,0,0,0,0,0,0,1,8,2016
davieky01,153,69,4,9,1,0,2,9,0,0,4,25,2015
davisdo02,306,412,12,34,4,2,0,13,0,0,4,175,2011
davisra01,1201,3687,544,983,199,40,55,353,365,93,228,708,2016
deazaal01,810,2513,359,657,129,30,51,249,90,44,222,606,2016
dejeami01,567,17,0,1,1,0,0,0,0,0,0,10,2006
dejesda01,1472,5220,740,1434,288,65,99,573,66,62,510,838,2015
delarjo01,306,378,20,48,4,0,0,27,0,0,6,160,2016
delgaca01,2035,7283,1241,2038,483,18,473,1512,14,8,1109,1745,2009
delluda01,1099,2873,431,736,141,35,101,398,41,25,322,714,2009
delosva01,235,12,0,0,0,0,0,0,0,0,1,8,2008
dempsry01,586,588,23,58,9,2,0,17,0,0,13,221,2013
denorch01,808,2162,289,587,103,17,41,196,56,20,187,408,2015
derosma01,1241,3633,538,975,196,12,100,494,23,18,358,707,2013
desseel01,445,240,14,39,4,1,0,16,0,0,22,65,2010
detwiro01,189,116,3,7,0,0,0,3,0,0,3,60,2016
diazei01,673,2061,222,523,116,6,21,202,21,10,96,199,2006
diazma02,736,1881,212,546,98,14,45,226,33,16,106,378,2013
dickera01,371,206,13,36,3,0,0,11,0,0,4,37,2016
difelmi01,550,1558,145,368,83,9,28,167,3,2,101,334,2008
dobbsgr01,959,2097,204,548,106,9,46,274,14,6,132,402,2014
doteloc01,758,77,3,5,0,0,0,1,0,0,5,44,2013
doumiry01,980,3093,350,818,191,7,104,413,12,6,232,621,2014
downssc01,619,45,3,3,0,0,0,1,0,0,3,17,2014
dreifda01,277,239,26,44,10,0,6,23,2,0,8,107,2004
drewjd01,1566,5173,944,1437,273,48,242,795,87,37,862,1137,2011
drewst01,1222,4308,556,1085,251,63,122,507,41,19,427,905,2016
duchsju01,224,6,0,0,0,0,0,0,0,0,0,6,2010
dukeza01,447,317,17,57,7,0,2,23,0,0,12,117,2016
dunnad01,2001,6883,1097,1631,334,10,462,1168,63,25,1317,2379,2014
durbich01,456,24,0,2,0,0,0,1,0,0,0,8,2013
durhara01,1975,7408,1249,2054,440,79,192,875,273,97,820,1201,2008
dyeje01,1763,6487,984,1779,363,25,325,1072,46,26,597,1308,2009
easleda01,1706,5484,735,1386,287,27,163,684,114,56,510,935,2008
eatonad01,237,341,30,66,16,1,3,26,5,1,33,113,2009
eckstda01,1311,5041,701,1414,232,20,35,392,123,45,376,418,2010
edmonji01,2011,6858,1251,1949,437,25,393,1199,67,50,998,1729,2010
eischjo01,327,28,4,5,1,0,0,0,0,0,1,12,2006
elartsc01,233,166,13,23,3,0,0,3,0,0,5,53,2008
eldreca01,346,72,7,8,2,0,0,4,0,1,6,39,2005
ellisma01,1435,5117,690,1343,257,25,105,550,82,29,438,801,2014
ellsbja01,1123,4490,684,1282,221,43,97,473,321,68,358,674,2016
embreal01,882,3,0,0,0,0,0,0,0,0,1,2,2009
encared01,1513,5409,829,1439,311,8,310,942,56,13,662,1004,2016
encarju01,1259,4685,618,1264,242,46,156,667,127,59,288,853,2007
ericksc01,390,35,4,4,1,0,0,1,0,0,4,15,2006
erstada01,1654,6024,913,1697,316,33,124,699,179,58,475,939,2009
escobke01,411,27,1,3,0,0,0,1,0,0,0,13,2009
escobyu01,1345,4965,646,1405,238,11,83,488,33,28,480,635,2016
estessh01,311,498,50,79,15,2,4,28,1,1,15,166,2008
ethiean01,1433,4766,638,1359,302,34,160,684,29,28,515,928,2016
evelada01,187,22,0,1,0,0,0,0,0,0,2,13,2016
everead01,880,2758,334,668,135,15,40,283,67,21,174,455,2011
evereca01,1405,4809,707,1304,258,26,202,792,107,54,442,1021,2006
eyresc01,617,13,0,2,0,0,0,0,0,0,1,6,2009
falkebr01,64,5,1,0,0,0,0,0,0,0,1,5,2008
farnsky01,893,54,3,4,1,0,0,3,0,0,2,18,2014
fasansa01,427,1109,136,245,49,0,47,140,2,3,72,327,2008
fasseje01,720,276,21,23,2,1,0,6,1,0,18,151,2006
feldmsc01,322,61,3,10,3,0,1,9,0,0,0,25,2016
felicpe01,484,6,0,0,0,0,0,0,0,0,2,2,2013
felizpe01,1302,4254,487,1065,209,25,140,598,13,12,230,663,2010
fettemi01,620,0,0,0,0,0,0,0,0,0,0,0,2004
fickro01,846,2373,287,613,116,12,69,324,6,9,235,386,2007
fieldpr01,1611,5821,862,1645,321,10,319,1028,18,11,847,1155,2016
figgich01,1282,4701,708,1298,188,58,35,403,341,119,540,832,2014
figuene01,145,116,7,20,2,1,0,8,0,0,5,43,2011
finlest01,2583,9397,1443,2548,449,124,304,1167,320,118,844,1299,2007
flahejo01,1047,3372,319,849,176,3,80,395,10,19,175,514,2005
floydcl01,1621,5319,824,1479,340,23,233,865,148,43,601,1064,2009
floydga01,243,75,0,5,0,0,0,0,0,0,2,43,2016
fordle01,519,1585,235,425,83,10,35,176,48,10,154,249,2012
fordybr01,623,1807,172,467,103,4,41,188,8,6,119,295,2004
foulkke01,619,16,0,2,0,0,0,0,0,0,0,5,2008
foxch02,219,7,0,0,0,0,0,0,0,0,0,3,2009
francfr01,391,0,0,0,0,0,0,0,0,0,0,0,2014
francje01,256,303,18,35,7,0,0,16,0,0,25,102,2015
francje02,1481,5260,626,1373,281,27,160,698,54,39,284,1080,2016
francjo01,1119,34,2,3,0,0,0,1,0,0,0,14,2005
francju01,2527,8677,1285,2586,407,54,173,1194,281,107,917,1341,2007
frandke01,514,1246,134,322,57,5,15,110,7,5,64,128,2015
frankry01,532,22,1,2,0,0,0,1,0,0,2,12,2011
frasoja01,679,0,0,0,0,0,0,0,0,0,0,0,2015
fuentbr01,650,1,0,0,0,0,0,0,0,0,0,0,2012
furcara01,1614,6477,1063,1817,311,69,113,587,314,94,643,910,2014
gagneer01,402,86,5,12,2,1,1,3,0,1,1,25,2008
galaran01,2257,8096,1195,2333,444,32,399,1425,128,81,583,2003,2004
gallayo01,277,424,37,85,21,0,12,42,0,0,13,149,2016
gantro01,1832,6449,1080,1651,302,50,321,1008,243,102,770,1411,2003
garcifr02,377,77,1,12,2,0,0,4,0,0,2,26,2013
garcija01,566,4,0,1,0,0,0,1,0,0,1,1,2016
garcika01,488,1463,180,352,44,13,66,212,10,13,81,330,2004
garcino01,1434,5586,927,1747,370,52,229,936,95,31,403,554,2009
garlajo01,367,175,12,24,2,0,1,7,0,0,10,65,2013
garzama01,266,239,6,19,3,0,0,3,0,1,6,142,2016
gaudich01,346,65,1,2,0,0,0,1,0,0,4,34,2013
germaes01,409,1016,159,284,54,15,8,111,34,15,117,187,2011
germaju01,96,67,4,10,2,0,0,3,0,0,4,31,2014
giambja01,2260,7267,1227,2010,405,9,440,1441,20,12,1366,1572,2014
gibboja01,840,2917,364,759,166,7,127,427,2,7,224,442,2011
gilbe01,604,1610,158,381,75,12,32,171,24,21,102,448,2003
gilesbr02,1847,6527,1121,1897,411,55,287,1078,109,45,1183,835,2009
girarjo01,1277,4127,454,1100,186,26,36,422,44,31,279,607,2003
glaustr01,1537,5410,889,1375,293,10,320,950,56,29,854,1377,2010
gloadro01,795,1673,195,470,93,9,34,222,12,9,107,224,2011
glovega01,263,28,3,2,0,0,0,1,0,0,2,14,2008
gomesjo01,1203,3456,495,835,157,14,162,526,50,24,417,1088,2015
gomezca01,1204,3910,572,1003,195,38,116,453,239,65,256,999,2016
gomezch02,1515,4604,517,1206,234,18,60,487,35,33,408,750,2008
gonzaad01,1804,6739,968,1954,415,12,308,1146,6,6,751,1324,2016
gonzaal01,1396,4977,623,1209,274,27,137,536,97,48,392,1165,2006
gonzaal02,1609,5776,667,1418,332,31,157,690,30,22,300,1168,2014
gonzaed01,121,72,1,12,1,0,0,3,0,0,2,18,2013
gonzaje01,132,86,2,10,1,0,0,3,0,0,4,28,2006
gonzaju03,1689,6556,1061,1936,388,25,434,1404,26,19,457,1273,2005
gonzalu01,2591,9157,1412,2591,596,68,354,1439,128,87,1155,1218,2008
gonzami02,509,3,0,1,1,0,0,2,0,0,0,0,2013
goodwto01,1288,3846,636,1029,125,39,24,284,369,118,365,660,2004
gordoal01,1264,4690,667,1238,278,23,151,563,89,36,520,1148,2016
gordoto01,893,2,0,0,0,0,0,0,0,0,0,0,2009
gorzeto01,314,217,6,20,0,0,0,13,0,0,9,102,2016
gracema01,2245,8065,1179,2445,511,45,173,1146,70,48,1075,642,2003
graffto01,981,2810,442,746,145,21,58,302,53,25,275,486,2009
grandcu01,1649,6127,1039,1564,283,89,293,801,145,44,758,1589,2016
graveda01,520,76,5,8,0,0,2,3,1,0,1,25,2006
greenni01,418,1078,147,254,58,5,17,103,6,11,80,286,2013
greensh01,1951,7082,1129,2003,445,35,328,1070,162,52,744,1315,2007
greento02,536,1573,181,397,82,3,71,217,5,4,67,332,2006
greggke01,594,6,0,0,0,0,0,0,0,0,0,5,2015
greinza01,396,343,32,75,17,0,6,17,5,0,19,67,2016
grillja01,549,15,1,3,0,0,1,3,0,0,0,3,2016
grimsja01,553,43,4,4,0,0,0,2,0,0,5,13,2006
grissma02,2165,8275,1187,2251,386,56,227,967,429,116,553,1240,2005
groombu01,786,0,0,0,0,0,0,0,0,0,0,0,2005
grudzma01,1802,7052,946,2040,391,36,90,640,133,52,364,954,2010
guarded01,909,1,0,0,0,0,0,0,0,0,0,0,2009
guerrma02,555,3,0,0,0,0,0,1,0,0,1,2,2014
guerrvl01,2147,8155,1328,2590,477,46,449,1496,181,94,737,985,2011
guillca01,1305,4673,733,1331,266,51,124,660,74,47,510,804,2011
guilljo01,1650,5888,748,1591,305,25,214,887,31,26,321,1103,2010
guthrje01,315,60,3,6,2,0,0,1,0,0,1,27,2015
guthrma01,766,14,0,1,0,0,0,0,0,0,0,2,2003
gutiefr01,919,2976,386,765,147,9,96,353,78,18,221,720,2016
gutieri01,1119,3632,471,967,141,25,38,357,50,30,364,586,2004
guzmacr01,1406,5382,727,1459,238,89,62,467,125,68,265,783,2010
guzmafr01,48,95,14,20,3,0,1,7,10,4,4,17,2013
hafnetr01,1183,4058,619,1107,250,13,213,731,11,7,598,976,2013
hairsje02,1442,4387,580,1126,233,22,70,420,147,68,373,572,2013
hairssc01,923,2431,300,589,133,17,106,313,36,11,175,577,2014
hallaro01,416,275,15,34,2,0,0,12,0,0,4,137,2013
hallbi03,1054,3334,450,827,210,21,125,440,62,40,286,971,2012
hamelco01,346,618,38,107,15,2,1,28,1,3,17,258,2016
hamiljo02,243,339,19,43,8,1,4,22,0,0,8,167,2003
hammeja01,313,333,21,52,8,0,1,21,0,0,7,130,2016
hammoch01,444,238,30,48,7,1,4,14,0,0,28,96,2006
hammoje01,957,3032,475,824,172,17,110,423,67,30,292,596,2005
hamptmi01,448,725,97,178,22,5,16,79,3,4,47,195,2010
hanigry01,647,1858,183,465,69,1,28,202,1,1,247,264,2016
hanseda01,1230,1793,187,466,79,6,35,222,5,7,283,332,2005
happja01,233,186,10,18,2,0,1,6,0,0,9,82,2016
haranaa01,388,670,16,65,8,0,1,21,0,0,5,294,2015
hardyjj01,1488,5551,694,1433,278,13,184,664,8,8,399,912,2016
harenda01,401,414,31,83,26,0,2,39,0,0,17,121,2015
harikti01,73,4,0,1,0,0,0,1,0,0,0,3,2007
harribr01,529,1694,208,434,99,7,33,167,5,5,132,343,2013
harrile01,1903,3924,460,1055,161,21,37,369,131,54,279,337,2005
harriwi01,1046,2441,365,580,100,24,39,212,107,40,306,500,2012
hartco01,1048,3729,549,1009,221,33,162,538,85,40,286,853,2015
haselbi01,589,1606,185,416,94,3,47,210,9,9,114,300,2003
hattesc01,1314,4226,538,1153,249,7,106,527,3,8,562,503,2008
hawkila01,1042,8,0,0,0,0,0,0,0,0,0,7,2015
hawpebr01,910,2934,400,806,176,23,124,492,13,16,430,810,2013
hayneji01,230,213,16,32,9,0,0,13,0,0,5,71,2004
headlch01,1262,4524,558,1191,241,15,118,531,84,27,508,1146,2016
helliri01,301,104,4,6,1,0,0,1,0,0,8,43,2006
helmswe01,1212,2711,280,694,151,14,75,374,3,12,220,687,2011
heltoto01,2247,7962,1401,2519,592,37,369,1406,37,29,1335,1175,2013
hendrma01,329,97,8,13,3,1,1,3,0,0,6,53,2011
hentgpa01,344,84,4,9,0,0,0,0,0,0,4,25,2004
heredfe01,511,15,0,4,0,0,0,1,0,0,0,4,2005
hergema01,567,36,0,6,0,0,0,1,0,0,1,22,2009
hermadu01,358,322,14,30,5,0,2,10,0,0,20,161,2006
hernafe02,359,43,3,4,1,0,1,7,0,0,2,20,2016
hernajo01,1587,4618,623,1166,193,33,168,603,41,38,384,1391,2006
hernali01,537,973,64,215,38,2,10,85,0,0,10,130,2012
hernaor01,220,116,6,18,3,1,0,5,3,0,1,41,2007
hernara02,1526,5105,580,1345,262,8,169,757,9,5,430,734,2013
hernaro01,1010,2,0,1,0,0,0,0,0,0,0,1,2007
higgibo02,1362,4910,736,1336,270,33,187,709,91,53,649,796,2005
hillaa01,1525,5578,729,1492,323,21,161,688,74,35,432,834,2016
hillko01,341,951,83,197,44,4,8,77,3,1,77,274,2014
hillri01,222,126,1,14,3,0,0,6,0,0,2,59,2016
hinsker01,1387,3797,549,947,240,18,137,522,61,21,452,949,2013
hitchst01,281,210,14,19,0,0,0,5,0,1,7,112,2004
hochelu01,280,16,0,1,0,0,0,0,0,0,0,10,2016
hockide01,954,2358,294,591,112,17,25,226,36,27,205,442,2005
hoffmtr01,1035,34,1,4,2,0,0,5,0,0,0,11,2010
holbeaa01,23,30,3,6,3,0,0,2,1,0,3,8,2005
hollato01,1118,3191,451,871,192,22,98,401,75,43,262,701,2006
hollima01,1773,6583,1104,1995,448,32,295,1153,107,37,744,1230,2016
holmeda01,557,28,2,3,0,0,1,2,0,0,1,14,2003
holtzmi01,353,3,0,0,0,0,0,0,0,0,0,2,2006
hoovepa01,40,100,10,25,3,0,0,8,0,0,5,31,2010
howarry01,1572,5707,848,1475,277,21,382,1194,12,5,709,1843,2016
howeljp01,531,13,1,2,0,0,0,1,0,0,0,7,2016
howrybo01,769,5,0,1,0,0,0,0,0,0,0,2,2010
hubbatr01,476,762,124,196,33,7,16,72,33,17,83,166,2003
hudsoor01,1345,4825,648,1319,256,66,93,542,85,28,483,825,2012
hudsoti01,489,613,35,98,19,1,4,42,0,0,26,190,2015
huffau01,1681,6104,806,1699,360,24,242,904,37,25,571,907,2012
hugheph01,253,17,0,0,0,0,0,0,0,0,0,8,2016
hundlto01,1225,3769,495,883,167,7,202,599,14,11,453,988,2003
huntebr02,1000,3347,500,882,146,28,25,241,260,61,243,581,2003
hunteto01,2372,8857,1296,2452,498,39,353,1391,195,99,661,1741,2015
iannech01,946,2848,355,652,139,10,107,402,11,10,471,796,2016
ibanera01,2161,7471,1055,2034,424,51,305,1207,50,29,713,1374,2014
infanom01,1507,5271,609,1427,260,53,82,542,80,33,296,776,2016
ingebr01,1532,5014,563,1166,228,38,152,648,45,40,443,1306,2013
ishiktr01,488,944,114,241,49,5,23,137,3,2,85,257,2015
isrinja01,724,104,11,21,4,1,2,16,0,0,5,36,2012
izturce01,1310,4350,441,1103,177,34,17,312,110,53,226,431,2013
izturma01,909,3013,406,810,159,17,39,334,93,33,267,355,2014
jacksda04,827,2209,332,536,121,17,32,198,133,39,245,517,2006
jacksed01,372,271,21,47,4,0,2,13,1,1,14,111,2016
jacksmi02,1005,28,3,5,2,0,0,1,0,0,1,4,2004
janssca01,437,3,0,0,0,0,0,0,0,0,0,2,2015
jarvike01,191,188,19,30,6,0,1,14,0,1,13,62,2006
jenkige01,1349,4700,688,1293,303,22,221,733,32,14,418,1186,2008
jeterde01,2747,11195,1923,3465,544,66,260,1311,358,97,1082,1840,2014
jimence01,97,1,0,0,0,0,0,0,0,0,0,1,2015
jimenub01,299,286,12,33,0,0,0,11,0,0,17,99,2016
johnsch04,1188,3836,465,940,211,4,167,570,6,10,475,997,2005
johnsda06,443,1382,179,324,61,2,57,203,1,1,214,244,2015
johnsja02,255,32,2,3,0,0,1,1,0,0,2,20,2008
johnsji04,551,2,0,0,0,0,0,0,0,0,0,2,2016
johnske05,1399,4543,632,1140,230,40,155,550,87,36,516,1145,2016
johnsma02,332,934,115,204,37,4,16,83,8,4,124,197,2008
johnsni01,832,2698,430,723,173,5,95,398,29,24,522,572,2012
johnsre02,1320,3630,518,1014,215,23,65,408,41,29,181,728,2015
jonesad01,1394,5347,761,1480,248,27,225,742,86,32,258,1088,2016
jonesan01,2196,7599,1204,1933,383,36,434,1289,152,59,891,1748,2012
jonesch06,2499,8984,1619,2726,549,38,468,1623,150,46,1512,1409,2012
jonesja04,1302,4594,632,1272,255,19,165,630,82,45,314,949,2008
jonesto02,982,19,1,4,1,0,0,0,0,0,1,6,2008
jordabr01,1456,5160,755,1454,267,37,184,821,119,48,353,842,2006
josefe01,747,2527,322,708,135,14,54,324,102,57,203,507,2003
kaplega01,1104,2983,443,799,176,16,82,386,77,30,269,480,2010
karroer01,1755,6441,797,1724,324,11,284,1027,59,30,552,1167,2004
karsast01,358,4,1,0,0,0,0,0,0,0,0,2,2006
kazmisc01,299,69,4,8,0,0,0,4,0,0,1,34,2016
kearnau01,1125,3606,522,914,187,13,121,494,33,21,475,898,2013
kellydo01,585,1098,148,252,28,9,23,98,16,2,92,171,2016
kempma01,1426,5288,819,1513,285,36,240,856,183,61,439,1367,2016
kendaja01,2085,7627,1030,2195,394,35,75,744,189,89,721,686,2010
kendrho01,1344,5068,663,1465,297,34,95,595,111,40,288,939,2016
kennead01,1691,5473,682,1488,288,42,80,571,179,62,401,839,2012
kenneia01,242,316,21,40,11,1,1,18,0,0,32,154,2016
kensilo01,158,8,0,0,0,0,0,0,0,0,0,2,2016
kentje01,2298,8498,1320,2461,560,47,377,1518,94,60,801,1522,2008
keppije01,818,2882,324,814,139,10,45,295,12,8,199,214,2013
kingra01,593,6,0,0,0,0,0,0,0,0,0,3,2008
kinslia01,1534,6127,1059,1696,353,38,212,787,211,58,579,842,2016
kleskry01,1736,5611,874,1564,343,33,278,987,91,41,817,1077,2007
klinest02,796,14,1,2,1,0,0,2,0,0,0,6,2007
konerpa01,2349,8393,1162,2340,410,8,439,1412,9,4,921,1391,2014
kotchca01,939,3071,322,799,157,7,71,388,14,9,267,339,2013
kotsama01,1914,6464,790,1784,353,48,127,720,98,64,554,757,2013
kreutch01,944,2505,289,593,123,8,54,274,5,7,361,593,2003
kroonma01,26,0,0,0,0,0,0,0,0,0,0,0,2004
kubelja01,1036,3480,442,913,187,19,140,564,12,7,355,834,2014
lackejo01,418,183,4,19,6,0,0,7,0,0,6,74,2016
lairdge01,799,2452,314,597,137,9,38,238,21,11,193,494,2015
lakerti01,282,651,66,147,28,2,11,79,5,5,44,162,2006
lambmi01,975,2706,382,746,132,19,69,349,7,10,226,409,2010
laneja01,500,1211,165,292,64,7,61,189,10,6,123,258,2014
langery01,597,1250,177,283,58,12,33,125,11,8,192,388,2013
lankfra01,1701,5747,968,1561,356,54,238,874,258,117,828,1550,2004
larocad01,1605,5593,752,1452,340,13,255,882,13,11,649,1407,2015
larueja01,922,2719,307,628,148,7,96,348,14,11,237,760,2010
lawtoma02,1334,4763,756,1273,267,17,138,631,165,66,681,613,2006
leagubr01,498,2,0,0,0,0,0,0,0,0,1,1,2014
ledeeri01,855,2030,290,494,120,17,63,318,29,15,244,495,2007
leeca01,2099,7983,1125,2273,469,19,358,1363,125,47,655,984,2012
leecl02,337,291,18,51,7,1,2,19,2,2,5,110,2014
leede02,1942,6962,1081,1959,432,30,331,1078,104,48,874,1622,2011
leiteal01,419,530,15,45,7,1,0,16,0,0,35,290,2005
leskacu01,603,39,4,7,3,0,1,7,0,0,1,17,2004
lestejo01,318,157,9,10,3,0,0,7,0,0,10,70,2016
levinal01,416,2,0,0,0,0,0,0,0,0,0,0,2005
lewisco01,233,27,1,7,1,0,0,5,0,0,0,11,2016
lidgebr01,603,7,0,2,1,0,0,2,0,0,0,4,2012
lidleco01,277,170,10,22,4,1,1,8,0,0,9,87,2006
liebejo01,405,612,36,85,17,0,0,25,0,0,30,234,2008
liebemi01,1212,4218,534,1155,257,10,150,610,8,7,335,571,2007
lillyte01,357,347,10,35,6,1,0,17,3,2,8,149,2013
limajo01,351,292,18,38,4,0,0,10,0,0,7,101,2006
linceti01,281,474,26,53,4,2,0,19,0,0,34,244,2016
lincomi01,263,15,0,1,0,0,0,0,0,0,0,7,2010
lindad01,1228,4310,549,1166,245,12,186,664,6,5,365,898,2016
linebsc01,607,18,0,4,1,0,0,0,0,0,0,10,2011
lintodo01,112,7,0,0,0,0,0,0,0,0,0,3,2003
liriafr01,287,216,7,33,3,0,2,15,0,0,8,85,2016
lloydgr01,568,6,0,0,0,0,0,0,0,0,1,2,2003
loaizes01,379,271,16,46,4,1,0,18,0,1,3,69,2008
lockhke01,979,2268,290,591,117,17,44,268,30,15,195,268,2003
loducpa01,1082,3892,483,1112,222,8,80,481,20,19,266,295,2008
loeka01,322,6,1,1,0,0,0,0,0,0,1,3,2013
loewead01,77,37,4,7,1,0,1,4,0,0,3,13,2016
loftoke01,2103,8120,1528,2428,383,116,130,781,622,160,945,1016,2007
loganbo02,581,0,0,0,0,0,0,0,0,0,0,0,2016
lohseky01,472,509,23,78,9,0,0,31,0,1,9,163,2016
loneyja01,1443,5023,528,1425,267,21,108,669,38,21,397,652,2016
loopebr01,679,186,15,40,6,1,0,18,0,0,10,63,2009
lopezal02,297,46,0,2,0,0,0,0,0,0,2,25,2003
lopezfe01,1185,4337,600,1145,219,31,90,439,124,58,445,913,2011
lopezja01,1503,5319,674,1527,267,19,260,864,8,19,357,969,2006
lopezja02,839,12,1,1,0,0,0,1,0,0,0,6,2016
lopezlu02,721,1620,171,390,85,7,22,151,10,12,100,343,2005
lopezro01,257,145,4,9,0,0,0,1,0,0,3,75,2012
loretma01,1726,5812,768,1713,309,22,76,629,47,35,555,605,2009
louxsh01,58,1,0,0,0,0,0,0,0,0,0,0,2012
lowede01,682,436,30,65,13,0,1,25,1,0,29,129,2013
lowelmi01,1601,5813,771,1619,394,7,223,952,30,14,548,817,2010
lowema01,382,1,0,0,0,0,0,0,0,0,0,1,2016
ludwiry01,1065,3549,454,923,201,8,154,587,17,20,339,888,2014
lugoju01,1352,4758,688,1279,238,34,80,475,198,69,439,876,2011
lyonbr01,572,1,1,1,1,0,0,1,0,0,1,0,2013
mabryjo01,1322,3409,382,898,183,6,96,446,7,12,284,717,2007
macdomi01,407,0,0,0,0,0,0,0,0,0,0,0,2012
madsory01,622,49,3,6,1,0,0,2,0,0,2,21,2016
mahayro01,520,28,3,6,3,0,1,3,0,0,1,8,2010
maholpa01,273,478,20,52,4,0,2,18,0,0,24,252,2014
mahompa01,313,43,6,11,4,0,0,4,0,0,1,16,2003
mainejo01,116,166,10,16,1,0,1,8,0,0,11,84,2013
mantema01,315,5,0,1,0,0,0,0,0,0,0,2,2005
manzajo01,268,12,0,1,0,0,0,0,0,0,0,6,2004
marcush01,197,129,6,17,5,0,1,8,0,0,9,44,2015
markani01,1679,6542,889,1889,392,17,157,800,63,28,694,958,2016
marquja01,448,663,66,130,35,2,5,57,1,0,13,167,2015
marreel01,724,1906,262,463,99,12,66,261,56,11,168,372,2006
martean01,308,854,86,186,45,6,21,99,1,6,67,180,2014
marteda01,570,9,0,0,0,0,0,0,0,0,0,3,2010
martial03,1232,4242,664,1172,220,48,132,485,173,65,390,879,2003
martied01,2055,7213,1219,2247,514,15,309,1261,49,30,1283,1202,2004
martira03,798,1952,223,512,98,10,29,242,10,7,170,267,2009
martiru01,1429,4896,688,1246,230,9,162,691,99,46,656,986,2016
martisa01,218,564,39,130,32,4,6,51,1,0,37,147,2004
martiti02,2023,7111,1008,1925,365,21,339,1271,27,20,780,1069,2005
martito02,376,12,0,0,0,0,0,0,0,0,0,4,2007
martivi01,1733,6438,844,1936,386,3,227,1077,7,7,662,779,2016
masseni01,387,5,0,0,0,0,0,0,0,0,0,5,2015
mathemi01,1305,3877,353,925,190,9,67,443,8,14,266,795,2006
mathije01,707,2038,204,401,83,4,45,234,9,8,151,629,2016
matsuhi01,1236,4442,656,1253,249,12,175,760,13,9,547,689,2012
matthga02,1281,4103,612,1056,225,29,108,484,95,36,454,849,2010
mauerjo01,1590,5919,885,1826,365,28,130,804,50,17,822,865,2016
maybica01,796,2727,403,706,114,29,46,252,131,36,239,643,2016
mayda02,161,26,1,2,0,0,0,0,0,0,1,13,2005
maynebr01,1279,3614,359,951,178,8,38,403,18,27,370,580,2004
mccanbr01,1510,5252,645,1397,270,4,245,888,24,8,552,903,2016
mccarbr01,221,94,0,5,0,0,0,5,0,0,6,41,2016
mccarda01,632,1493,182,362,68,8,36,175,9,9,126,367,2005
mcclasc01,44,78,11,15,2,0,2,8,0,1,9,18,2008
mccraqu01,998,2462,359,675,118,32,21,244,89,44,229,445,2006
mcdonda02,331,764,102,191,42,5,20,83,14,5,68,185,2013
mcdonjo03,1100,2434,276,568,105,14,28,210,34,19,118,379,2014
mcgowdu01,228,21,1,2,0,0,0,0,0,0,0,13,2016
mcgrifr01,2460,8757,1349,2490,441,24,493,1550,72,38,1305,1882,2004
mclemma01,1832,6192,943,1602,255,47,53,615,272,119,875,983,2004
mclouna01,1045,3257,521,803,191,19,101,333,133,24,366,639,2014
mechegi01,258,23,1,3,0,0,0,2,0,0,0,9,2010
mecirji01,474,1,0,0,0,0,0,0,0,0,0,0,2005
mendora01,342,3,0,0,0,0,0,0,0,0,0,3,2005
mercejo02,145,19,0,1,0,0,0,0,0,0,0,12,2003
merceor01,1391,3998,564,1108,229,28,103,585,57,29,487,661,2003
merckke01,698,248,12,28,5,2,1,18,0,0,11,115,2008
mesajo01,1023,2,1,0,0,0,0,0,0,0,1,1,2007
micelda01,631,22,0,2,0,0,0,0,0,0,0,10,2006
michaja01,1031,2332,332,613,140,10,59,299,22,18,243,496,2011
mientdo01,1087,3312,422,899,221,11,66,405,14,15,438,472,2009
millake01,1427,4688,648,1284,296,15,170,699,7,9,564,838,2009
millean01,390,72,1,4,0,0,0,3,0,0,0,36,2016
milleco01,216,539,43,104,28,0,11,67,1,0,49,123,2013
milleda02,989,3182,361,834,205,4,87,406,5,5,303,772,2007
milletr02,694,6,1,1,1,0,0,0,0,0,0,1,2011
millwke01,451,472,22,57,15,0,4,27,0,0,21,219,2012
miltoer01,275,205,20,36,5,1,2,16,0,0,10,90,2009
mirabdo01,566,1456,162,337,78,2,58,206,3,0,165,415,2007
moehlbr01,334,202,4,9,2,0,0,5,0,0,9,93,2010
moellch01,501,1392,146,315,74,7,29,132,2,4,108,331,2010
molinbe01,1362,4812,457,1317,217,6,144,711,3,7,208,471,2010
molinjo01,947,2546,240,592,117,3,39,223,20,7,154,576,2014
molinya01,1611,5591,541,1593,308,6,108,703,47,30,427,584,2016
mondera01,1525,5814,909,1589,319,49,271,860,229,92,475,1130,2005
montemi01,1105,3605,434,933,191,7,120,534,4,9,421,831,2016
moralfr01,305,62,4,11,0,0,0,2,0,0,4,27,2016
moralke01,1030,3716,454,1014,215,6,162,586,4,12,298,725,2016
morame01,1556,5422,794,1503,283,19,171,754,93,55,520,953,2011
mordemi01,793,1362,157,333,75,7,24,132,13,13,112,261,2005
morneju01,1545,5699,772,1603,349,23,247,985,5,10,573,988,2016
morrima01,309,543,35,92,18,0,2,38,0,1,27,216,2008
morrobr01,254,23,0,0,0,0,0,0,0,0,1,14,2016
morsemi01,808,2533,295,698,138,8,104,352,6,6,175,654,2016
mosquju01,12,31,2,7,3,0,0,2,0,1,0,5,2005
mossbr01,898,2771,378,667,145,17,138,423,9,11,291,840,2016
motagu01,743,48,4,9,2,0,2,7,0,0,0,21,2012
mottoch01,59,125,17,25,6,0,4,12,2,2,10,28,2006
moyerja01,701,400,24,51,5,0,0,15,0,0,35,152,2012
moylape01,382,7,0,0,0,0,0,0,0,0,1,6,2016
muellbi02,1216,4223,663,1229,265,22,85,493,20,18,543,571,2006
mujiced01,494,11,1,2,0,0,0,0,0,0,0,4,2015
mulhote01,687,619,26,69,13,1,2,23,1,1,13,281,2006
munsoer01,361,1056,97,226,37,3,49,147,4,2,104,234,2009
murphda07,1110,3467,440,950,203,16,104,472,54,28,316,575,2015
murphdo01,335,838,102,178,46,4,33,119,7,4,64,264,2014
mussimi01,537,52,3,9,1,0,0,5,0,0,1,9,2008
myersbr01,383,471,22,63,11,0,0,12,0,0,25,161,2013
myersgr01,1108,3042,333,776,150,7,87,396,3,12,268,539,2005
myersmi01,883,2,0,0,0,0,0,0,0,0,0,1,2007
nadyxa01,961,2969,365,797,159,7,104,410,19,8,189,626,2014
nagych01,320,19,3,2,0,0,0,0,0,0,0,10,2003
napolmi01,1268,4147,637,1043,213,10,238,678,38,22,601,1305,2016
narvech01,118,119,6,25,3,0,0,13,0,0,5,48,2016
nathajo01,787,63,4,10,3,0,2,4,0,0,3,17,2016
navardi01,1009,3207,322,802,142,6,77,367,14,12,265,518,2016
neaglde01,398,531,31,87,17,0,5,44,0,1,19,155,2003
nelsoje01,798,2,0,0,0,0,0,0,0,0,0,0,2006
nelsojo01,157,1,1,0,0,0,0,0,0,0,0,0,2010
neshepa01,423,0,0,0,0,0,0,0,0,0,0,0,2016
nevinph01,1217,4188,584,1131,209,6,208,743,18,5,449,1019,2006
newhada01,413,986,148,249,37,10,23,120,29,6,80,210,2008
nievewi01,427,1164,88,281,54,2,10,114,3,2,61,228,2015
nitkocj01,337,15,1,2,0,0,0,1,0,0,0,10,2005
nixla01,758,1915,235,460,110,11,69,249,9,5,122,534,2013
nixontr01,1092,3627,579,995,222,28,137,555,30,13,504,689,2008
nolasri01,297,377,19,51,12,0,1,26,0,0,23,177,2016
nomohi01,324,485,22,65,14,1,4,26,0,0,13,222,2008
nortogr01,1107,2410,315,600,126,8,89,338,15,18,323,604,2009
nunezab01,1030,2486,286,601,88,19,18,209,38,16,250,447,2008
nunezle01,349,1,0,0,0,0,0,0,0,0,0,0,2014
nunezvl01,254,60,3,8,0,0,1,5,0,0,1,20,2009
offerjo01,1651,5681,840,1551,252,72,57,537,172,100,772,914,2005
oflaher01,474,2,0,0,0,0,0,0,0,0,0,2,2016
ohkato01,204,240,8,33,2,0,0,15,1,0,10,95,2009
ohlenro01,209,137,5,10,0,0,1,5,0,0,4,67,2016
ohmanwi01,483,5,0,2,0,0,0,1,0,0,1,2,2012
ojedaau01,502,1062,135,249,44,9,7,81,7,4,119,115,2010
oleartr01,1198,4010,547,1100,234,40,127,591,17,22,334,661,2003
olerujo01,2234,7592,1139,2239,500,13,255,1230,11,14,1275,1016,2005
oliveda02,775,217,17,48,11,0,1,20,0,0,8,74,2013
olivomi01,1124,3765,435,905,177,26,145,490,53,34,158,1060,2014
olmedra01,218,444,53,102,18,2,2,27,6,1,26,90,2012
ordazlu01,206,440,51,96,13,0,0,30,12,5,34,53,2006
ordonma01,1848,6978,1076,2156,426,21,294,1236,94,50,651,852,2011
oroscje01,1252,59,3,10,0,0,0,4,0,0,8,25,2003
ortizda01,2408,8640,1419,2472,632,19,541,1768,17,9,1319,1750,2016
ortizra01,308,144,8,11,2,0,1,4,0,0,5,62,2013
ortizru01,316,507,45,104,23,0,7,49,0,0,35,135,2010
osbordo01,166,259,18,42,10,1,1,19,1,1,12,87,2004
osikke01,456,1123,96,259,55,4,13,108,6,4,111,202,2005
osunaan01,411,9,0,1,0,0,0,1,0,0,1,1,2005
oswalro01,370,657,30,101,7,0,1,36,0,0,27,181,2013
overbly01,1587,5102,645,1355,356,12,151,675,19,7,638,1108,2014
padilvi01,386,251,13,27,4,1,0,17,0,0,16,130,2012
paganan01,1124,4084,584,1143,220,55,64,414,176,51,319,638,2016
paintla01,315,65,6,10,2,1,0,5,0,0,2,33,2003
palmede01,1357,4902,734,1229,231,15,275,849,48,31,502,1332,2003
palmeor01,1206,2335,306,640,113,14,12,226,37,28,265,230,2007
palmera01,2831,10472,1663,3020,585,38,569,1835,97,40,1353,1348,2005
papeljo01,689,0,0,0,0,0,0,0,0,0,0,0,2016
paquecr01,814,2591,304,620,128,10,99,377,27,13,120,620,2003
parkch01,479,430,27,77,15,1,3,31,0,0,20,155,2010
parrajo01,82,0,0,0,0,0,0,0,0,0,2,0,2004
parrijo01,184,1,0,0,0,0,0,0,0,0,0,0,2010
patteco01,1230,4171,571,1050,197,34,118,431,218,64,206,933,2011
pavanca01,302,311,14,44,8,2,2,14,0,0,4,123,2012
paytoja01,1259,4154,561,1157,193,30,119,522,47,32,255,503,2010
pearcst01,569,1639,208,416,96,6,66,215,13,7,177,369,2016
peavyja01,393,519,48,87,17,1,3,33,0,2,22,165,2016
pedrodu01,1398,5594,874,1683,375,15,133,662,134,43,572,603,2016
pelfrmi01,241,268,13,28,5,0,0,13,0,0,13,72,2016
penabr01,638,1807,136,468,93,2,23,164,6,7,105,214,2016
penaca01,1493,4949,745,1146,231,26,286,818,29,22,817,1577,2014
penawi01,599,1703,211,425,70,5,84,240,12,8,111,559,2011
pencehu01,1376,5354,760,1520,283,47,207,786,107,50,440,1090,2016
pennybr01,351,529,27,83,17,2,3,34,0,0,3,173,2014
peraljh01,1777,6545,838,1750,376,24,202,873,17,27,602,1437,2016
peraljo01,621,7,1,1,1,0,0,2,0,0,0,4,2016
percitr01,703,5,0,0,0,0,0,0,0,0,0,5,2009
perezed01,754,1800,238,445,88,3,79,294,19,13,194,393,2006
perezed02,564,1525,137,386,85,2,40,172,1,4,84,234,2005
perezne01,1403,5127,640,1370,238,61,64,489,57,45,231,503,2007
perezod01,254,340,25,45,10,0,1,12,0,0,6,85,2008
perezol01,504,344,14,56,2,0,0,15,3,1,14,116,2016
perezto03,789,1896,205,455,96,13,24,180,6,7,131,341,2008
perkigl01,401,4,0,0,0,0,0,0,0,0,0,4,2016
perryhe01,529,1696,241,461,102,6,55,246,12,8,128,291,2004
petagro01,242,366,48,83,17,1,12,54,1,2,63,103,2006
petityu01,197,118,6,6,0,0,0,3,0,0,3,49,2016
pettian01,533,196,6,27,6,0,1,13,0,0,6,66,2013
phillbr01,1749,6783,920,1863,334,34,197,889,198,76,395,1012,2016
pierrju01,1994,7525,1075,2217,255,94,18,517,614,203,464,479,2013
pierzaj01,2059,7290,807,2043,407,24,188,909,15,23,308,895,2016
pineijo01,344,167,13,17,6,0,0,10,1,0,11,97,2011
plesada01,1064,15,0,1,0,0,0,0,0,0,0,10,2003
podsesc01,1079,3906,563,1096,178,41,42,312,309,104,333,630,2012
polanpl01,1927,7214,1009,2142,348,32,104,723,81,30,429,538,2013
ponsosi01,298,65,4,9,3,0,0,1,0,1,3,22,2009
posadjo01,1829,6092,900,1664,379,10,275,1065,20,21,936,1453,2011
powelja04,513,12,0,2,0,0,0,1,0,0,0,8,2005
pradoma01,1263,4791,609,1402,289,27,95,564,39,27,356,578,2016
prattto02,662,1612,194,404,84,3,49,224,6,2,208,454,2006
pridecu01,421,796,132,199,39,12,20,82,29,14,85,211,2006
princto01,519,1190,113,248,66,4,24,140,9,8,105,252,2003
pujolal01,2426,9138,1670,2825,602,16,591,1817,107,41,1214,1053,2016
pulidca01,32,0,0,0,0,0,0,0,0,0,0,0,2004
pulsibi01,107,81,7,10,2,0,0,4,0,0,5,40,2005
puntoni01,1163,3253,421,798,141,27,19,263,104,36,386,651,2014
putzjj01,572,0,0,0,0,0,0,0,0,0,0,0,2014
quallch01,825,6,0,0,0,0,0,0,0,0,0,5,2016
quantpa01,841,67,5,7,0,0,0,0,0,0,4,29,2005
quinthu01,471,1346,95,315,61,2,20,127,1,3,47,294,2014
quintom01,402,1035,118,228,43,5,8,74,5,3,96,238,2014
quirogu01,148,346,24,69,18,0,3,34,1,0,22,85,2014
raburry01,922,2407,333,609,146,11,91,352,16,9,206,658,2016
radkebr01,378,29,0,3,0,0,0,0,0,0,0,9,2006
ramirar01,2194,8136,1098,2303,495,24,386,1417,29,18,633,1238,2015
ramirha01,1475,5627,962,1660,343,32,240,818,276,89,587,1066,2016
ramirma02,2302,8244,1544,2574,547,20,555,1831,38,33,1329,1813,2011
randajo01,1522,5428,697,1543,327,36,123,739,42,26,432,738,2006
ransoco01,383,752,111,160,47,2,30,105,6,3,88,274,2013
rauchjo01,556,21,2,2,0,0,1,3,0,0,0,15,2013
rebouje01,1018,2229,310,536,100,6,20,202,22,15,292,401,2003
redmama01,219,154,3,8,0,0,0,3,0,0,6,69,2008
redmomi01,764,2264,208,649,117,3,13,243,1,2,145,255,2010
reedri01,274,297,23,51,9,0,2,24,0,0,13,93,2003
reedst01,835,25,0,4,0,0,0,1,0,0,0,9,2005
relafde01,939,2939,375,714,147,19,40,308,81,28,293,497,2007
remlimi01,642,110,5,8,3,0,0,8,0,1,8,37,2006
renteed01,2152,8142,1200,2327,436,29,140,923,294,108,718,1182,2011
reyesal01,384,12,2,3,0,0,0,0,0,0,1,6,2008
reyesca01,293,3,0,0,0,0,0,0,0,0,1,1,2003
reyesde01,674,56,2,4,1,0,0,0,1,0,2,25,2011
reyesjo01,1622,6823,1075,1972,350,121,126,645,488,119,517,796,2016
reyesjo03,77,63,4,9,2,0,0,2,0,0,4,24,2016
reynoma01,1376,4571,673,1070,216,13,251,714,60,30,592,1631,2016
reynosh01,306,546,34,77,15,0,5,43,0,0,14,247,2004
rhodear01,903,6,0,1,0,0,0,0,0,0,0,5,2011
richach01,280,899,132,229,57,6,34,122,18,18,81,183,2009
rincoju01,444,4,0,1,0,0,0,0,0,0,0,1,2010
rincori01,565,4,0,0,0,0,0,0,0,0,0,1,2008
riosal01,1691,6419,885,1778,374,63,169,794,253,77,400,1117,2015
riskeda01,462,1,0,0,0,0,0,0,0,0,0,0,2010
riverju01,1058,3471,425,950,182,4,132,539,17,26,253,448,2012
riverma01,1115,3,0,0,0,0,0,1,0,0,1,1,2013
rivermi02,189,548,51,131,32,1,13,69,3,0,43,118,2011
riverre01,399,1098,79,234,49,2,26,118,1,0,68,305,2016
roajo01,120,47,1,10,1,0,0,3,0,0,2,13,2004
roberbr01,1418,5531,850,1527,367,39,97,542,285,73,609,844,2014
roberda07,832,2707,437,721,95,53,23,213,243,58,307,362,2008
rodnefe01,767,1,0,0,0,0,0,0,0,0,0,0,2016
rodrial01,2784,10566,2021,3115,548,31,696,2086,329,76,1338,2287,2016
rodrife01,563,17,4,4,1,0,1,3,0,0,0,5,2006
rodrifr03,920,2,0,1,0,0,0,0,0,0,0,1,2016
rodriri02,610,28,3,3,0,0,0,1,0,0,3,9,2003
rodriwa01,280,447,24,60,10,0,0,21,0,0,10,130,2015
rogerke01,763,66,5,9,1,1,0,4,1,0,4,25,2008
rolensc01,2038,7398,1211,2077,517,43,316,1287,118,49,899,1410,2012
rolliji01,2275,9294,1421,2455,511,115,231,936,470,105,813,1264,2016
romerjc01,680,4,1,1,1,0,0,0,0,0,0,1,2012
rossco01,1073,3453,449,904,211,13,132,508,33,13,282,800,2015
rossda01,883,2280,254,521,116,5,106,314,3,5,287,735,2016
rowanaa01,1358,4374,613,1193,267,18,136,536,67,30,261,914,2011
rueteki01,349,622,44,95,9,0,0,40,1,1,27,105,2005
ruggiju01,464,1280,162,330,71,4,51,159,39,24,113,377,2016
ruizca01,1083,3414,391,908,215,7,68,404,24,10,389,461,2016
ruschgl01,348,331,16,50,5,0,3,19,0,0,9,104,2009
ryanbj01,560,2,0,0,0,0,0,0,0,0,0,0,2009
ryanbr01,896,2591,304,604,116,18,19,203,67,25,198,490,2016
sabatcc01,483,115,7,25,3,0,3,15,0,0,1,32,2016
sadledo01,418,768,125,155,29,8,6,46,25,12,55,163,2007
saenzol01,733,1663,226,438,106,5,73,275,3,4,148,355,2007
salmoti01,1672,5934,986,1674,339,24,299,1016,48,42,970,1360,2006
saltaja01,880,2820,376,661,161,6,110,381,5,7,302,964,2016
sanchan01,257,251,7,22,1,1,0,7,0,0,16,119,2016
sanchfr01,904,3402,434,1012,215,17,48,371,13,9,180,420,2011
sanchre01,1490,4850,549,1317,193,32,15,389,55,32,229,508,2005
sandere02,1777,6241,1037,1666,341,60,305,983,304,115,674,1614,2007
santaer01,346,93,8,11,2,0,0,3,0,0,2,46,2016
santajo01,360,248,11,40,12,1,1,9,0,0,9,78,2012
santaju01,209,16,0,2,0,0,0,1,0,0,0,8,2006
santibe01,1978,6951,755,1830,323,41,217,920,91,69,430,1270,2005
santira01,920,2436,295,592,85,18,30,214,30,15,203,420,2014
saundjo01,236,128,3,17,1,0,0,6,1,0,6,34,2014
schilcu01,571,773,39,117,13,1,0,29,1,1,25,270,2007
schmija01,324,597,29,63,9,0,7,21,0,0,22,282,2009
schnebr01,1048,3165,284,781,167,9,67,387,4,8,331,526,2012
schoesc01,577,8,0,2,1,0,0,1,0,0,2,2,2010
schumsk01,1149,3252,416,905,169,13,28,284,26,17,280,476,2015
scutama01,1391,4887,683,1355,269,21,77,509,55,22,474,570,2014
seaneru01,544,5,1,0,0,0,0,0,0,0,1,5,2008
seguida01,1456,4847,683,1412,284,16,139,684,17,19,524,687,2004
seleaa01,404,58,5,9,2,0,0,1,0,0,3,13,2007
serafda01,105,43,2,3,0,0,0,2,0,0,3,19,2007
servisc01,340,17,0,1,0,0,0,1,0,0,0,9,2004
sexsori01,1367,4928,748,1286,260,17,306,943,14,13,588,1313,2008
sheetbe01,250,449,12,34,3,0,0,12,0,0,19,212,2012
sheffga01,2576,9217,1636,2689,467,27,509,1676,253,104,1475,1171,2009
shielja02,356,136,15,23,3,0,0,6,0,0,3,53,2016
shielsc01,491,4,0,0,0,0,0,0,0,0,0,3,2010
shousbr01,467,0,0,0,0,0,0,0,0,0,0,0,2009
shueypa01,476,7,0,1,0,0,0,0,0,0,0,3,2007
shumpte01,854,1969,295,497,109,26,49,223,85,29,166,369,2003
sierrru01,2186,8044,1084,2152,428,59,306,1322,142,52,610,1239,2006
simonra01,537,1609,172,455,71,3,49,237,2,4,82,148,2006
sizemgr01,1101,4147,660,1098,252,47,150,518,143,47,483,952,2015
smallaa01,172,4,0,0,0,0,0,0,0,0,0,3,2006
smithjo05,639,2,0,0,0,0,0,0,0,0,0,2,2016
smithma03,414,959,125,233,51,3,32,130,15,5,97,211,2003
smithse01,1138,3252,475,849,205,31,113,426,20,7,395,718,2016
snowjt01,1716,5641,798,1509,293,19,189,877,20,23,760,1142,2008
snydech02,715,2087,227,467,98,1,77,298,0,3,309,560,2013
sojolu01,848,2571,300,671,103,12,36,261,28,20,124,198,2003
soriaal01,1975,7750,1152,2095,481,31,412,1159,289,84,496,1803,2014
soriajo01,514,0,0,0,0,0,0,0,0,0,0,0,2016
soriara01,592,4,0,0,0,0,0,0,0,0,0,1,2015
sosasa01,2354,8813,1475,2408,379,45,609,1667,234,107,929,2306,2007
sotoge01,784,2480,303,611,146,4,105,352,3,5,307,663,2016
sparkst01,272,41,1,5,1,0,0,3,0,0,1,17,2004
speieju01,613,17,0,3,0,0,0,0,0,0,0,8,2009
spiezsc01,1274,3899,517,996,225,27,119,549,33,23,412,594,2007
sprinru01,740,27,1,2,0,0,0,0,0,0,0,17,2010
stairma01,1895,5204,770,1366,294,13,265,899,30,24,717,1122,2011
stantmi02,1178,24,3,8,1,0,0,3,0,0,1,3,2007
starkde01,74,71,5,7,3,0,1,8,0,0,5,28,2009
staufti01,202,140,7,21,3,0,0,12,0,0,4,63,2015
stewach01,398,1038,95,245,41,0,9,83,6,1,89,168,2016
stewash01,1386,5574,853,1653,315,41,115,580,196,71,504,684,2008
stinnke01,734,2033,228,476,91,4,65,230,10,5,196,567,2007
streehu01,664,2,0,0,0,0,0,0,0,0,0,1,2016
stricsc01,239,6,0,0,0,0,0,0,0,0,0,4,2010
stulter01,143,199,12,33,7,0,1,12,0,0,6,76,2015
sturtta01,272,16,0,1,0,0,0,0,0,0,0,5,2008
stynech01,828,2326,351,640,118,9,51,265,49,16,191,308,2004
sullisc01,559,48,1,4,0,0,0,1,0,0,0,28,2004
suppaje01,453,440,27,76,7,0,1,24,1,1,24,101,2012
surhobj01,2313,8258,1062,2326,440,42,188,1153,141,84,640,839,2005
suzukic01,2500,9689,1396,3030,356,96,114,760,508,116,626,1037,2016
suzukku01,1208,4191,432,1071,227,6,83,519,19,10,290,541,2016
sweenma01,1218,1830,220,464,101,9,42,250,16,9,259,425,2008
sweenmi01,1454,5188,759,1540,325,5,215,909,53,25,522,613,2010
swishni01,1527,5369,805,1338,307,11,245,803,13,15,817,1373,2015
tallebr01,242,5,0,0,0,0,0,0,0,0,0,2,2011
tatisfe01,949,3051,427,807,174,14,113,448,50,21,321,709,2010
tavarju01,828,140,8,16,0,0,0,9,0,0,7,60,2009
teixema01,1862,6936,1099,1862,408,18,409,1298,26,7,918,1441,2016
tejadmi01,2171,8434,1230,2407,468,23,307,1302,85,38,553,1079,2013
telemam01,219,116,6,14,4,1,0,3,0,0,6,51,2005
thamema01,640,1827,256,450,83,4,115,301,3,9,159,510,2011
thomabr01,72,0,0,0,0,0,0,0,0,0,0,0,2011
thomeji01,2543,8422,1583,2328,451,26,612,1699,19,20,1747,2548,2012
thompju02,103,14,1,1,0,0,0,0,0,0,0,6,2005
thomsjo01,216,318,20,63,6,1,0,22,0,1,12,133,2007
thornma01,748,1,0,0,0,0,0,0,0,0,0,1,2016
thursjo01,184,337,34,76,20,5,1,27,5,2,35,67,2011
timlimi01,1059,7,0,0,0,0,0,0,0,0,0,4,2008
tomkobr01,406,456,23,71,9,0,0,29,0,1,19,180,2011
torrean02,650,1910,277,462,113,29,32,174,77,29,205,476,2013
torresa01,499,103,5,15,1,1,0,1,0,0,2,46,2008
torreyo01,907,2875,306,737,162,12,56,339,19,17,222,544,2013
trachst01,426,651,49,106,17,1,3,40,1,1,26,200,2008
tracyan01,149,277,35,64,10,2,13,43,1,0,30,99,2009
tracych01,938,2706,317,741,172,9,86,358,11,7,233,473,2013
tremich01,22,41,3,6,1,0,0,1,0,0,4,7,2004
tsaoch01,57,14,3,3,2,0,0,0,0,0,0,1,2016
tuckemi01,1417,4083,625,1047,208,49,125,528,114,56,490,960,2006
tulowtr01,1220,4552,745,1329,253,24,217,753,57,31,492,856,2016
ugglada01,1346,4759,759,1149,238,18,235,706,26,21,626,1341,2015
uptonbj01,1469,5175,723,1260,262,32,164,586,300,92,589,1561,2016
uptonju01,1337,4899,775,1315,262,37,221,703,124,48,559,1364,2016
urbinug01,583,53,3,5,0,0,0,1,0,0,3,32,2005
uribeju01,1826,6161,724,1568,323,43,199,816,48,39,388,1224,2016
utleych01,1723,6384,1042,1777,381,53,250,977,145,20,675,1102,2016
valdeis01,326,399,20,52,9,0,1,17,4,0,13,122,2005
valenja01,631,1507,154,379,82,5,45,210,0,0,131,257,2008
valenjo03,1678,5539,872,1348,302,41,249,816,136,56,630,1294,2007
valvejo01,626,2,1,1,1,0,0,0,0,0,0,1,2014
vandejo02,1372,2751,374,717,170,18,97,430,38,20,385,698,2004
vanpoto01,359,57,5,9,1,0,0,2,0,0,2,22,2004
vargaja01,217,61,6,16,3,0,0,4,0,0,3,16,2016
varitja01,1546,5099,664,1307,306,14,193,757,25,18,614,1216,2011
vaughgr01,1731,6103,1017,1475,284,23,355,1072,121,59,865,1513,2003
vaughmo01,1512,5532,861,1620,270,10,328,1064,30,18,725,1429,2003
vazquja01,459,560,43,114,14,2,1,29,0,1,24,95,2011
velanjo01,174,244,21,46,12,1,2,23,2,0,26,66,2008
venturo01,2079,7064,1006,1885,338,14,294,1182,24,38,1075,1179,2004
veresda01,605,27,1,7,1,0,0,1,0,0,1,12,2003
verlaju01,352,37,2,3,0,0,0,0,0,0,0,17,2016
victosh01,1299,4630,731,1274,231,70,108,489,231,46,381,626,2015
vidrojo01,1418,5113,720,1524,341,12,128,654,23,16,478,556,2008
villaca01,476,120,6,11,0,0,0,4,0,0,3,61,2016
villoro01,717,170,7,22,3,1,1,7,0,0,1,51,2009
vinafe01,1148,4240,627,1196,194,49,40,343,116,67,288,292,2004
vizcajo01,1820,5379,633,1453,204,47,36,480,74,62,378,729,2006
vizcalu01,543,6,0,0,0,0,0,0,0,0,0,5,2009
vizquom01,2968,10586,1445,2877,456,77,80,951,404,167,1028,1087,2012
vogelry01,292,311,24,43,9,0,1,12,0,0,16,133,2016
volqued01,260,282,15,23,2,0,1,8,0,0,7,145,2016
vottojo01,1268,4501,757,1407,310,16,221,730,67,28,862,1004,2016
wagnebi02,854,20,1,2,0,0,0,1,0,0,1,12,2010
wainwad01,344,582,41,116,32,2,8,57,0,2,21,183,2016
wakefti01,630,111,4,13,2,0,1,4,0,0,3,47,2011
walbema01,682,2109,215,492,79,5,28,208,13,12,133,343,2003
walkeja01,545,0,0,0,0,0,0,0,0,0,0,0,2009
walkela01,1988,6907,1355,2160,471,62,383,1311,230,76,913,1231,2005
walkepe01,144,1,0,0,0,0,0,0,0,0,0,1,2006
walketo04,1288,4554,647,1316,284,30,107,545,66,37,421,571,2007
wangch01,174,39,2,2,1,0,0,1,0,0,2,21,2016
wardda01,948,2234,242,588,131,5,90,379,1,6,192,422,2008
wasdijo01,328,19,2,3,1,0,0,1,0,0,1,6,2007
washbja01,314,41,4,9,0,0,0,4,0,0,5,13,2009
weathda01,967,139,7,14,0,0,2,4,0,0,7,85,2009
weaveje01,365,208,14,43,6,1,0,13,0,0,6,73,2010
weaveje02,322,45,3,4,0,0,0,1,0,0,2,19,2016
weeksri01,1287,4320,720,1066,213,33,159,466,131,32,521,1181,2016
wellsda01,660,178,8,23,2,0,0,5,0,0,3,59,2007
wellski01,304,331,30,63,10,1,4,17,1,0,4,143,2012
wellsve01,1731,6642,930,1794,379,34,270,958,109,37,472,956,2013
wendetu01,552,43,1,3,0,0,0,0,0,0,5,19,2004
werthja01,1513,5232,848,1408,290,21,219,770,128,20,729,1381,2016
westbja01,319,169,10,22,7,0,1,14,2,0,13,79,2013
wheelda01,590,7,1,1,0,0,0,0,0,0,0,1,2012
whiteel03,216,514,52,108,22,4,10,45,4,3,31,138,2014
whitega01,472,38,1,4,0,0,1,3,0,0,1,26,2005
whitema02,286,2,0,0,0,0,0,0,0,0,0,2,2005
whiteri01,615,43,1,4,1,0,0,1,0,0,0,13,2007
whitero02,1474,5357,756,1519,296,34,198,768,94,47,360,925,2007
wickmbo01,835,2,0,0,0,0,0,0,0,0,0,0,2007
widgech01,613,1826,180,435,104,7,55,222,10,9,141,384,2006
wiggity01,1362,4479,558,1170,245,14,169,594,42,23,371,891,2013
willibe02,2076,7869,1366,2336,449,55,287,1257,147,87,1069,1212,2006
willige02,1168,3059,474,780,183,18,85,365,106,57,180,530,2005
willije02,236,167,4,18,4,0,0,5,0,1,2,74,2016
willijo03,1147,3912,564,988,216,15,195,632,35,9,553,1036,2014
willima04,1866,7000,997,1878,338,35,378,1218,53,35,469,1363,2003
willimi03,469,108,7,17,2,0,0,7,1,0,3,33,2003
willito02,227,4,0,1,0,0,0,0,0,0,0,2,2007
williwo02,443,540,52,105,25,1,4,43,1,1,17,183,2007
wilsocj01,445,29,3,4,0,1,0,0,0,0,3,10,2015
wilsoda01,1299,4186,441,1097,211,13,88,519,23,14,280,763,2005
wilsoja02,1370,4890,565,1294,243,34,61,426,43,32,270,619,2012
wilsojo03,431,1095,104,251,54,7,10,84,14,4,54,247,2015
wilsopa02,171,184,7,19,3,0,1,8,0,0,5,113,2005
wilsopr01,1108,4003,573,1055,221,16,189,668,124,55,350,1085,2007
winnra01,1717,6186,863,1759,367,59,110,662,215,84,526,1010,2010
wisede01,576,1109,149,253,45,16,31,115,55,13,46,245,2013
witasja01,405,42,0,3,0,0,0,3,0,0,1,22,2007
wolfra02,405,694,62,128,33,0,5,58,2,1,32,231,2015
womacto01,1303,4963,739,1353,190,59,36,368,363,74,308,649,2006
woodja02,153,200,25,49,11,0,5,36,1,1,15,59,2008
woodke02,449,346,23,59,6,0,7,32,0,0,11,114,2012
woodwch01,659,1706,211,408,87,14,33,191,9,6,137,400,2011
worreti01,678,81,6,8,1,0,0,4,0,0,4,43,2006
wrighda03,1583,5996,949,1777,390,26,242,970,196,65,761,1292,2016
wrighja01,722,443,26,64,15,1,1,17,0,0,12,179,2014
wrighja02,227,78,6,11,2,0,1,6,0,0,3,42,2007
yanes01,472,2,1,2,0,0,1,1,0,0,0,0,2006
youklke01,1061,3749,653,1053,254,18,150,618,26,14,539,828,2013
youngch03,257,207,10,31,6,1,1,17,0,0,10,82,2016
youngch04,1319,4354,621,1033,274,21,178,552,137,44,479,1100,2016
youngde03,1118,4108,473,1162,218,11,109,566,36,21,179,784,2015
youngdm01,1364,4762,648,1389,301,29,171,683,25,22,407,871,2008
younger01,1730,6119,996,1731,327,46,79,543,465,168,660,462,2006
younger02,288,796,108,179,33,4,27,90,10,11,90,213,2004
youngke01,1205,3897,536,1007,235,17,144,606,83,49,336,882,2003
youngmi02,1970,7918,1137,2375,441,60,185,1030,90,30,575,1235,2013
zambrca01,384,693,75,165,26,3,24,71,1,0,10,240,2012
zaungr01,1232,3489,437,878,194,9,88,446,23,19,479,544,2010
zeileto01,2158,7573,986,2004,397,23,253,1110,53,51,945,1279,2004
zimmery01,1408,5416,793,1505,338,20,215,829,41,15,539,1087,2016
zitoba01,434,344,12,35,0,0,0,11,0,0,18,99,2015
zobribe01,1337,4840,735,1287,296,38,145,643,111,43,700,839,2016
